tax_payment_id,registration_no,apply_dt,from_date,to_date,amount,receipt_no,issue_dt
460564,KKKKHHH,21/07/2016,01/01/1970,20/08/2016,,,28/07/2016
460487,NL01/A5401,15/07/2016,01/07/2016,30/06/2017,,sadasd,15/07/2016
460543,NL01/A6252,16/07/2016,01/10/2016,30/09/2017,1000,gg,15/07/2016
460242,NL01/A6935,16/07/2016,01/07/2016,30/06/2017,2200,sss,15/07/2016
460279,NL01/A7241,13/07/2016,01/07/2016,30/06/2017,9680,KA24266,12/07/2016
460280,NL01/A7291,13/07/2016,01/04/2017,30/06/2017,2420,KA24263,12/07/2016
460364,NL01/A8064,16/07/2016,01/07/2016,30/06/2017,,sds,15/07/2016
460103,NL01/A8235,13/07/2016,01/10/2016,30/09/2017,9680,KA24267,12/07/2016
460386,NL01/A8814,16/07/2016,01/10/2016,30/09/2017,,,15/07/2016
460281,NL01/A9596,13/07/2016,01/07/2016,30/06/2017,7052,KA24268,12/07/2016
460389,NL01/D0512,13/07/2016,01/07/2016,30/06/2017,9680,KA23337,08/07/2016
460496,NL01/D0561,15/07/2016,01/10/2016,30/09/2017,,,15/07/2016
460278,NL01/D0737,16/07/2016,01/07/2016,30/06/2017,,,15/07/2016
460377,NL01/D0849,16/07/2016,01/10/2016,30/09/2017,,,15/07/2016
460374,NL01/D0851,16/07/2016,01/10/2016,30/09/2017,,,15/07/2016
460549,NL01/D0887,16/07/2016,01/07/2016,30/06/2017,,,15/07/2016
460552,NL01/D1444,16/07/2016,01/10/2016,30/09/2017,,,15/07/2016
460282,NL01/D1471,13/07/2016,01/04/2017,30/06/2017,2420,KA24264,12/07/2016
460274,NL01/D1819,16/07/2016,01/07/2016,30/06/2017,,,15/07/2016
460563,NL01/D3080,21/07/2016,01/01/1970,29/07/2016,,,28/07/2016
460283,NL01/D3477,13/07/2016,01/10/2016,30/09/2017,5660,KA24269,12/07/2016
460542,NL01/D3618,16/07/2016,01/10/2016,30/09/2017,,,15/07/2016
460537,NL01/D4256,16/07/2016,01/07/2016,30/06/2017,,,15/07/2016
460284,NL01/D5801,13/07/2016,01/10/2016,30/09/2017,5836,KA24271,12/07/2016
460285,NL01/D5802,13/07/2016,01/10/2016,30/09/2017,5836,KA24272,12/07/2016
460425,NL01/D5807,16/07/2016,01/10/2016,30/09/2017,,,15/07/2016
460381,NL01/D7349,16/07/2016,01/10/2016,30/09/2017,,,15/07/2016
460286,NL01/D7997,13/07/2016,01/10/2016,30/09/2017,7484,KA24274,12/07/2016
460544,NL01/D8477,16/07/2016,01/10/2016,30/09/2017,,,15/07/2016
460287,NL01/D8662,13/07/2016,01/07/2016,30/06/2017,7660,KA24275,12/07/2016
460288,NL01/D8665,13/07/2016,01/07/2016,30/06/2017,7660,KA24276,12/07/2016
460289,NL01/D8857,13/07/2016,01/07/2016,30/06/2017,9680,KA24278,12/07/2016
460411,NL01/D8869,16/07/2016,01/10/2016,30/09/2017,,,15/07/2016
460407,NL01/D9171,16/07/2016,01/10/2016,30/09/2017,,,15/07/2016
460141,NL01/G0152,13/07/2016,01/10/2016,30/09/2017,9680,KA24280,12/07/2016
460290,NL01/G0299,13/07/2016,01/07/2016,30/06/2017,13524,KA24281,12/07/2016
460239,NL01/G0462,16/07/2016,01/07/2016,30/06/2017,,,15/07/2016
460112,NL01/G0515,13/07/2016,01/10/2016,30/09/2017,4140,KA24282,12/07/2016
460392,NL01/G0755,16/07/2016,01/10/2016,30/09/2017,,,15/07/2016
460126,NL01/G0777,13/07/2016,01/10/2016,30/09/2017,9680,KA24284,12/07/2016
460545,NL01/G0977,16/07/2016,01/10/2016,30/09/2017,,,15/07/2016
460454,NL01/G1162,15/07/2016,01/07/2016,30/06/2017,,,15/07/2016
460291,NL01/G1223,13/07/2016,01/07/2016,30/06/2017,11200,KA24286,12/07/2016
460292,NL01/G1225,13/07/2016,01/07/2016,30/06/2017,11200,KA24287,12/07/2016
460293,NL01/G1234,13/07/2016,01/07/2016,30/06/2017,11200,KA24289,12/07/2016
460294,NL01/G1564,13/07/2016,01/07/2016,30/06/2017,11200,KA24290,12/07/2016
460413,NL01/G3593,16/07/2016,01/10/2016,30/09/2017,,,15/07/2016
460414,NL01/G3594,16/07/2016,01/10/2016,30/09/2017,,,15/07/2016
460295,NL01/G3764,13/07/2016,01/07/2016,30/06/2017,9680,KA24291,12/07/2016
460240,NL01/G3851,16/07/2016,01/10/2016,30/09/2017,,,15/07/2016
460255,NL01/G3925,16/07/2016,01/10/2016,30/09/2017,7356,,15/07/2016
460256,NL01/G3928,16/07/2016,01/10/2016,30/09/2017,,,15/07/2016
460257,NL01/G3934,16/07/2016,01/10/2016,30/09/2017,,,15/07/2016
460398,NL01/G3937,16/07/2016,01/10/2016,30/09/2017,,,15/07/2016
460258,NL01/G3946,16/07/2016,01/10/2016,30/09/2017,,,15/07/2016
460241,NL01/G3951,16/07/2016,01/10/2016,30/09/2017,,,15/07/2016
460117,NL01/G3976,13/07/2016,01/10/2016,30/09/2017,4728,KA24292,12/07/2016
460296,NL01/G3994,13/07/2016,01/10/2016,30/09/2017,7356,KA24296,12/07/2016
460297,NL01/G3995,13/07/2016,01/10/2016,30/09/2017,7356,KA24297,12/07/2016
460118,NL01/G4107,13/07/2016,01/10/2016,30/09/2017,4728,KA24297,12/07/2016
460130,NL01/G4108,13/07/2016,01/10/2016,30/09/2017,4728,KA24299,12/07/2016
460267,NL01/G5528,16/07/2016,01/10/2016,30/09/2017,,,15/07/2016
460260,NL01/G5576,16/07/2016,01/10/2016,30/09/2017,,,15/07/2016
460265,NL01/G5753,16/07/2016,01/10/2016,30/09/2017,,,15/07/2016
460526,NL01/G6206,15/07/2016,01/10/2016,30/09/2017,,,15/07/2016
460111,NL01/G6511,13/07/2016,01/10/2016,30/09/2017,5660,KA24300,12/07/2016
460418,NL01/G7276,16/07/2016,01/10/2016,30/09/2017,,,15/07/2016
460298,NL01/G7579,13/07/2016,01/10/2016,30/09/2017,9984,KA24301,12/07/2016
460299,NL01/G7589,13/07/2016,01/10/2016,30/09/2017,9984,KA24303,12/07/2016
460400,NL01/G8416,16/07/2016,01/10/2016,30/09/2017,,,15/07/2016
460396,NL01/G8426,16/07/2016,01/10/2016,30/09/2017,,,15/07/2016
460300,NL01/G8977,13/07/2016,01/10/2016,30/09/2017,7356,KA24304,12/07/2016
460301,NL01/G8978,13/07/2016,01/10/2016,30/09/2017,7356,KA24306,12/07/2016
460538,NL01/G9127,16/07/2016,01/10/2016,30/09/2017,,,15/07/2016
460395,NL01/G9276,16/07/2016,01/10/2016,30/09/2017,,,15/07/2016
460302,NL01/G9329,13/07/2016,01/07/2016,30/06/2017,9680,KA24308,12/07/2016
460303,NL01/G9400,13/07/2016,01/07/2016,30/06/2017,6444,KA24309,12/07/2016
460305,NL01/G9579,13/07/2016,01/07/2016,30/06/2017,7356,KA24311,12/07/2016
460129,NL01/G9583,13/07/2016,01/10/2016,30/09/2017,,,12/07/2016
460306,NL01/G9589,13/07/2016,01/07/2016,30/06/2017,7356,KA24312,12/07/2016
460304,NL01/G9600,13/07/2016,01/07/2016,30/06/2017,6444,KA24310,12/07/2016
460307,NL01/G9664,13/07/2016,01/07/2016,30/06/2017,11200,KA24313,12/07/2016
460416,NL01/G9983,16/07/2016,01/10/2016,30/09/2017,,,15/07/2016
460417,NL01/G9984,16/07/2016,01/10/2016,30/09/2017,,,15/07/2016
460110,NL01/G9997,13/07/2016,01/07/2016,30/06/2017,9072,KA24314,12/07/2016
460562,NL01/H3333,15/07/2016,26/07/2016,28/07/2016,,,25/07/2016
460539,NL01/K0201,16/07/2016,01/10/2016,30/09/2017,,,15/07/2016
460308,NL01/K0239,13/07/2016,01/10/2016,30/09/2017,11352,KA24315,12/07/2016
460309,NL01/K0249,13/07/2016,01/10/2016,30/09/2017,11352,KA24316,12/07/2016
460273,NL01/K5233,16/07/2016,01/07/2016,30/06/2017,,,15/07/2016
460127,NL01/K5400,13/07/2016,01/10/2016,30/09/2017,5660,KA24318,12/07/2016
460104,NL01/K5411,13/07/2016,01/10/2016,30/09/2017,6672,KA24319,12/07/2016
460105,NL01/K5412,13/07/2016,01/10/2016,30/09/2017,6572,KA24320,12/07/2016
460106,NL01/K5413,13/07/2016,01/10/2016,30/09/2017,6572,KA24321,12/07/2016
460107,NL01/K5414,13/07/2016,01/10/2016,30/09/2017,66572,KA24322,12/07/2016
460108,NL01/K5415,13/07/2016,01/10/2016,30/09/2017,6572,KA24323,12/07/2016
460128,NL01/K5500,13/07/2016,01/10/2016,30/09/2017,5660,KA24324,12/07/2016
460310,NL01/K5521,13/07/2016,01/10/2016,30/09/2017,9072,KA24325,12/07/2016
460109,NL01/K5556,14/07/2016,01/10/2016,30/09/2017,6572,KA24326,12/07/2016
460259,NL01/K5598,16/07/2016,01/07/2016,30/06/2017,,,15/07/2016
460311,NL01/K5601,13/07/2016,01/10/2016,30/09/2017,5812,KA24327,12/07/2016
460312,NL01/K5602,13/07/2016,01/10/2016,30/09/2017,5812,KA24329,12/07/2017
460313,NL01/K5603,13/07/2016,01/10/2016,30/09/2017,5812,KA24330,12/07/2016
460314,NL01/K5604,13/07/2016,01/10/2016,30/09/2017,5812,KA24333,19/07/2016
460315,NL01/K5605,13/07/2016,01/10/2016,30/09/2017,5812,KA24334,12/07/2016
460316,NL01/K5606,13/07/2016,01/10/2016,30/09/2017,5812,KA24336,12/07/2016
460317,NL01/K5607,13/07/2016,01/10/2016,30/09/2017,5812,KA24237,12/07/2016
460318,NL01/K5608,13/07/2016,01/10/2016,30/09/2017,5812,KA24339,12/07/2016
460319,NL01/K5609,13/07/2016,01/10/2016,30/09/2017,5812,KA24340,12/07/2016
460320,NL01/K5610,13/07/2016,01/10/2016,30/09/2017,5812,KA24342,12/07/2016
460368,NL01/K5647,16/07/2016,01/10/2016,30/09/2017,,,15/07/2016
460553,NL01/K5746,16/07/2016,01/07/2016,30/06/2017,,,15/07/2016
460268,NL01/K5885,16/07/2016,01/01/1970,30/09/2017,,,15/07/2016
460372,NL01/K5915,16/07/2016,01/10/2016,30/09/2017,,,15/07/2016
460269,NL01/K5924,16/07/2016,26/07/2016,25/07/2017,,,15/07/2016
460270,NL01/K5929,16/07/2016,01/10/2016,30/09/2017,,,15/07/2016
460271,NL01/K5930,16/07/2016,01/10/2016,30/09/2017,,,15/07/2016
460272,NL01/K5936,16/07/2016,01/10/2016,30/09/2017,,,15/07/2016
460548,NL01/K6479,16/07/2016,01/10/2016,30/09/2017,,,15/07/2016
460547,NL01/K6493,16/07/2016,01/10/2016,30/09/2017,,,15/07/2016
460391,NL01/K6538,14/07/2016,01/10/2016,30/09/2017,,,15/07/2016
460420,NL01/K6585,16/07/2016,01/10/2016,30/09/2017,,,15/07/2016
460393,NL01/K6628,14/07/2016,01/10/2016,30/09/2017,,,15/07/2016
460321,NL01/K6785,13/07/2016,01/10/2016,30/09/2017,3968,KA24343,12/07/2016
460322,NL01/L3287,13/07/2016,01/07/2016,30/06/2017,5660,KA24344,12/07/2016
460323,NL01/L4116,13/07/2016,01/07/2016,30/06/2017,8920,KA24345,12/07/2016
460113,NL01/L4248,13/07/2016,01/10/2016,30/09/2017,5660,KA24347,12/07/2016
460114,NL01/L4249,13/07/2016,01/10/2016,30/09/2017,5660,KA24348,12/07/2016
460115,NL01/L4250,13/07/2016,01/10/2016,30/09/2017,5660,KA24349,12/07/2016
460116,NL01/L4251,13/07/2016,01/10/2016,30/09/2017,5660,KA24351,12/07/2016
460324,NL01/L4279,13/07/2016,01/10/2016,30/09/2017,7660,KA24352,12/07/2016
460325,NL01/L4300,13/07/2016,01/10/2016,30/09/2017,3816,KA24354,12/07/2016
460326,NL01/L4318,13/07/2016,01/10/2016,30/09/2017,6444,KA24355,12/07/2016
460421,NL01/L4331,16/07/2016,01/10/2016,30/09/2017,,,15/07/2016
460327,NL01/L4512,13/07/2016,01/10/2016,30/09/2017,11200,KA24356,12/07/2016
460328,NL01/L4514,13/07/2016,01/10/2016,30/09/2017,11200,KA24358,12/07/2016
460329,NL01/L4516,13/07/2016,01/10/2016,30/09/2017,11200,KA24359,12/07/2016
460330,NL01/L4518,13/07/2016,01/10/2016,30/09/2017,11200,KA24360,12/07/2016
460468,NL01/L8775,15/07/2016,01/10/2016,30/06/2016,,,15/07/2016
460345,NL01/L9670,13/07/2016,01/07/2016,30/06/2017,12916,KA24202,12/07/2016
460346,NL01/L9671,13/07/2016,01/07/2016,30/06/2017,12916,KA24203,12/07/2016
460347,NL01/L9672,13/07/2016,01/07/2016,30/06/2017,12916,KA24206,12/07/2016
460348,NL01/L9673,13/07/2016,01/07/2016,30/06/2017,12916,KA24208,12/07/2016
460349,NL01/L9674,13/07/2016,01/07/2016,30/06/2017,12916,KA24210,12/07/2016
460350,NL01/L9675,13/07/2016,01/07/2016,30/06/2017,12916,KA24211,12/07/2016
460351,NL01/L9676,13/07/2016,01/07/2016,30/06/2017,12916,KA24212,12/07/2016
460352,NL01/L9677,13/07/2016,01/07/2016,30/06/2017,12916,KA24214,12/07/2016
460353,NL01/L9678,13/07/2016,01/07/2016,30/06/2017,12916,KA24215,12/07/2016
460354,NL01/L9680,13/07/2016,01/07/2016,30/06/2017,12916,KA24217,12/07/2016
460356,NL01/L9681,13/07/2016,01/07/2016,30/06/2017,12916,KA24218,12/07/2016
460357,NL01/L9682,13/07/2016,01/07/2016,30/06/2017,12916,KA24219,12/07/2016
460358,NL01/L9683,13/07/2016,01/07/2016,30/06/2017,12916,KA24221,12/07/2016
460359,NL01/L9684,13/07/2016,01/07/2016,30/06/2017,12916,KA24222,12/07/2016
460360,NL01/L9685,14/07/2016,01/07/2016,30/06/2017,12916,KA24224,12/07/2016
460361,NL01/L9686,13/07/2016,01/07/2016,30/06/2017,12916,KA24227,12/07/2016
460363,NL01/L9687,13/07/2016,01/07/2016,30/06/2017,12916,KA24229,12/07/2016
460365,NL01/L9690,13/07/2016,01/07/2016,30/06/2017,12916,KA24231,12/07/2016
460366,NL01/L9691,13/07/2016,01/07/2016,30/06/2017,12916,KA24232,12/07/2016
460367,NL01/L9692,13/07/2016,01/07/2016,30/06/2017,12916,KA24234,12/07/2016
460369,NL01/L9693,13/07/2016,01/07/2016,30/06/2017,12916,KA24237,12/07/2016
460370,NL01/L9694,13/07/2016,01/07/2016,30/06/2017,12916,KA24238,12/07/2016
460371,NL01/L9695,13/07/2016,01/07/2016,30/06/2017,12916,KA24239,12/07/2016
460373,NL01/L9696,13/07/2016,01/07/2016,30/06/2017,12916,KA24245,12/07/2016
460375,NL01/L9698,13/07/2016,01/07/2016,30/06/2017,12916,KA24248,12/07/2016
460376,NL01/L9700,13/07/2016,01/07/2016,30/06/2017,12916,KA24249,12/07/2016
460378,NL01/L9701,13/07/2016,01/07/2016,30/06/2017,12916,KA24250,12/07/2016
460379,NL01/L9702,13/07/2016,01/07/2016,30/06/2017,12916,KA24252,12/07/2016
460380,NL01/L9703,13/07/2016,01/07/2016,30/06/2017,12916,KA24253,12/07/2016
460382,NL01/L9704,13/07/2016,01/07/2016,30/06/2017,12916,KA24255,12/07/2016
460383,NL01/L9705,13/07/2016,01/07/2016,30/06/2017,12916,KA24257,12/07/2017
460384,NL01/L9706,13/07/2016,01/07/2016,30/06/2017,12916,KA24258,12/07/2016
460385,NL01/L9707,13/07/2016,01/07/2016,30/06/2017,24259,KA24259,12/07/2016
460387,NL01/L9708,13/07/2016,01/07/2016,30/06/2017,12916,KA24260,12/07/2016
460331,NL01/L9868,13/07/2016,01/07/2016,30/06/2017,6572,KA24361,12/07/2016
460261,NL01/L9921,16/07/2016,01/07/2016,30/06/2017,,,15/07/2016
460262,NL01/L9922,16/07/2016,01/07/2016,30/06/2017,,,15/07/2016
460263,NL01/L9923,16/07/2016,01/07/2016,30/06/2017,,,15/07/2016
460264,NL01/L9924,16/07/2016,01/07/2016,30/06/2017,,,15/07/2016
460266,NL01/L9925,16/07/2016,01/07/2016,30/06/2017,,,15/07/2016
460275,NL01/L9926,16/07/2016,01/07/2016,30/06/2017,,,15/07/2016
460276,NL01/L9927,16/07/2016,01/07/2016,30/06/2017,,,15/07/2016
460277,NL01/L9928,16/07/2016,01/07/2016,30/06/2017,,,15/07/2016
460332,NL01/L9936,13/07/2016,01/07/2016,30/06/2017,7660,KA24363,12/07/2016
460333,NL01/L9937,13/07/2016,01/07/2016,30/06/2017,7660,KA24364,12/07/2016
460334,NL01/L9938,13/07/2016,01/07/2016,30/06/2017,7660,KA24365,12/07/2016
460415,NL01/N0052,16/07/2016,01/10/2016,30/09/2017,,,15/07/2016
460399,NL01/N0060,14/07/2016,01/10/2016,30/09/2017,,,15/07/2016
460404,NL01/N0061,14/07/2016,01/10/2016,30/09/2017,,,15/07/2016
460406,NL01/N0062,14/07/2016,01/10/2016,30/09/2017,,,15/07/2016
460408,NL01/N0063,14/07/2016,01/10/2016,30/09/2017,,,15/07/2016
460410,NL01/N0064,14/07/2016,01/10/2016,30/09/2017,,,15/07/2016
460397,NL01/N0065,14/07/2016,01/10/2016,30/09/2017,,,15/07/2016
460401,NL01/N0066,14/07/2016,01/10/2016,30/09/2017,,,15/07/2016
460402,NL01/N0067,14/07/2016,01/10/2016,30/09/2017,,,15/07/2016
460403,NL01/N0068,14/07/2016,01/10/2016,30/09/2017,,,15/07/2016
460405,NL01/N0070,14/07/2016,01/10/2016,30/09/2017,,,28/07/2016
460362,NL01/N0118,16/07/2016,01/10/2016,30/09/2017,,,15/07/2016
460390,NL01/N0277,16/07/2016,01/10/2016,30/09/2017,,,15/07/2016
460394,NL01/N0294,14/07/2016,01/10/2016,30/09/2017,,,15/07/2016
460412,NL01/N0301,16/07/2016,01/10/2016,30/09/2017,,,15/07/2016
460335,NL01/N0310,13/07/2016,01/10/2016,30/09/2017,7356,KA24366,12/07/2016
460336,NL01/N0320,13/07/2016,01/10/2016,30/09/2017,7356,KA24367,12/07/2016
460546,NL01/N0321,16/07/2016,01/10/2016,30/09/2017,,,15/07/2016
460337,NL01/N0330,13/07/2016,01/10/2016,30/09/2017,7356,KA24368,12/07/2016
460338,NL01/N0340,13/07/2016,01/10/2016,30/09/2017,7356,KA24369,12/07/2016
460339,NL01/N0373,13/07/2016,01/10/2016,30/09/2017,5836,KA24370,12/07/2016
460340,NL01/N0374,13/07/2016,01/10/2016,30/09/2017,5838,KA24371,12/07/2016
460341,NL01/N0375,13/07/2016,01/10/2016,30/09/2017,5836,KA24372,12/07/2016
460388,NL01/N0376,13/07/2016,01/10/2016,30/09/2017,5836,KA24697,12/07/2016
460342,NL01/N0377,13/07/2016,01/10/2016,30/09/2017,5836,KA24374,12/07/2016
460343,NL01/N0416,13/07/2016,01/10/2016,30/09/2017,7356,KA24376,12/07/2016
460131,NL01/N0816,13/07/2016,01/10/2016,30/09/2017,6443,KA24376,12/07/2016
460344,NL01/N0817,13/07/2016,01/10/2016,30/09/2017,6444,KA24377,12/07/2016
460132,NL01/N0818,13/07/2016,01/10/2016,30/09/2017,6444,KA24379,12/07/2016
460133,NL01/N0819,13/07/2016,01/10/2016,30/09/2017,6444,KA24380,12/07/2016
460134,NL01/N0820,13/07/2016,01/10/2016,30/09/2017,6444,KA24381,12/07/2016
460135,NL01/N0821,13/07/2016,01/10/2016,30/09/2017,6444,KA24382,12/07/2016
460136,NL01/N0822,13/07/2016,01/10/2016,30/09/2017,6444,KA24383,12/07/2016
460137,NL01/N0823,13/07/2016,01/10/2016,30/09/2017,6444,KA24384,12/07/2016
460138,NL01/N0824,13/07/2016,01/10/2016,30/09/2017,6444,KA24385,12/07/2016
460139,NL01/N0825,13/07/2016,01/10/2016,30/09/2017,6444,KA24386,12/07/2016
460423,NL01/Q CLASSIC1,16/07/2016,01/07/2016,30/06/2017,,,15/07/2016
460422,NL01/Q CLASSIC2,16/07/2016,01/07/2016,30/06/2017,,,15/07/2016
460424,NL01/Q DEEPAK,16/07/2016,01/07/2016,30/06/2017,,,15/07/2016
460512,NL01/Q JITENDRA,15/07/2016,01/07/2016,30/06/2017,,,15/07/2016
460355,NL01/Q KAPOOR,16/07/2016,01/07/2016,30/06/2017,,,15/07/2016
460244,NL01/Q SS2,14/07/2016,01/07/2016,30/06/2017,7450,,13/07/2016
460249,NL01/Q SVT1,14/07/2016,01/07/2016,30/06/2017,4822,,13/07/2016
460250,NL01/Q SVT2,14/07/2016,01/07/2016,30/06/2017,4822,,13/07/2016
460251,NL01/Q SVT3,14/07/2016,01/07/2016,30/06/2017,4822,,13/07/2016
460252,NL01/Q SVT4,14/07/2016,01/07/2016,30/06/2017,4822,,13/07/2016
460253,NL01/Q SVT5,14/07/2016,01/07/2016,30/06/2017,4822,,13/07/2016
460119,NL01/Q YASHODHA,13/07/2016,01/07/2016,30/06/2017,,,12/07/2016
460182,NL01/Q0831,09/07/2016,01/07/2016,30/06/2017,11294,KA23410,08/07/2016
460183,NL01/Q0832,09/07/2016,01/07/2016,30/06/2017,11294,KA23415,08/07/2016
460184,NL01/Q0833,09/07/2016,01/07/2016,30/06/2017,11294,KA23419,08/07/2016
460185,NL01/Q0834,09/07/2016,01/07/2016,30/06/2017,11294,KA23423,08/07/2016
460186,NL01/Q0836,09/07/2016,01/07/2016,30/06/2017,12206,KA23394,08/07/2016
460187,NL01/Q0837,09/07/2016,01/07/2016,30/06/2017,12206,KA23397,08/07/2016
460188,NL01/Q0840,09/07/2016,01/07/2016,30/06/2017,5126,KA23383,08/07/2016
460189,NL01/Q0841,09/07/2016,01/07/2016,30/06/2017,5126,KA23387,08/07/2016
460190,NL01/Q0842,09/07/2016,01/07/2016,30/06/2017,5126,KA23339,08/07/2016
460191,NL01/Q0843,09/07/2016,01/07/2016,30/06/2017,5126,KA23336,08/07/2016
460192,NL01/Q0844,09/07/2016,01/07/2016,30/06/2017,5126,KA23343,08/07/2016
460193,NL01/Q0846,09/07/2016,01/07/2016,30/06/2017,5126,KA23344,08/07/2016
460194,NL01/Q0847,09/07/2016,01/07/2016,30/06/2017,5126,KA23379,08/07/2016
460195,NL01/Q0848,09/07/2016,01/07/2016,30/06/2017,5126,KA23375,08/07/2016
460196,NL01/Q0850,09/07/2016,01/07/2016,30/06/2017,5126,KA23373,08/07/2016
460238,NL01/Q0851,09/07/2016,01/07/2016,30/06/2017,5126,KA23370,08/07/2016
460197,NL01/Q0852,09/07/2016,01/07/2016,30/06/2017,5126,KA23345,08/07/2016
460198,NL01/Q0853,09/07/2016,01/07/2016,30/06/2017,5126,KA23346,08/07/2016
460199,NL01/Q0854,09/07/2016,01/07/2016,30/06/2017,5126,KA23353,08/07/2016
460200,NL01/Q0856,09/07/2016,01/07/2016,30/06/2017,5126,KA23358,08/07/2016
460201,NL01/Q0857,09/07/2016,01/07/2016,30/06/2017,5126,KA23361,08/07/2016
460202,NL01/Q0858,09/07/2016,01/07/2016,30/06/2017,5126,KA23365,08/07/2016
460203,NL01/Q0860,09/07/2016,01/07/2016,30/06/2017,5126,KA23527,08/07/2016
460204,NL01/Q0861,09/07/2016,01/07/2016,30/06/2017,5126,KA23528,08/07/2016
460205,NL01/Q0862,09/07/2016,01/07/2016,30/06/2017,5126,KA23529,08/07/2016
460206,NL01/Q0863,09/07/2016,01/07/2016,30/06/2017,5126,KA23530,08/07/2016
460207,NL01/Q0864,09/07/2016,01/07/2016,30/06/2017,5126,KA23631,08/07/2016
460208,NL01/Q0866,09/07/2016,01/07/2016,30/06/2017,5126,KA23532,19/07/2016
460209,NL01/Q0867,09/07/2016,01/07/2016,30/06/2017,5126,KA23533,08/07/2016
460210,NL01/Q0868,09/07/2016,01/07/2016,30/06/2017,5126,KA23534,08/07/2016
460211,NL01/Q0870,09/07/2016,01/07/2016,30/06/2017,5126,KA23535,08/07/2016
460212,NL01/Q0871,09/07/2016,01/07/2016,30/06/2017,10382,KA23460,08/07/2016
460213,NL01/Q0872,09/07/2016,01/07/2016,30/06/2017,6362,KA23467,08/07/2016
460214,NL01/Q0873,09/07/2016,01/07/2016,30/06/2017,8362,KA23470,08/07/2016
460215,NL01/Q0874,09/07/2016,01/07/2016,30/06/2017,8362,KA23474,01/07/2016
460216,NL01/Q0876,09/07/2016,01/07/2016,30/06/2017,8362,KA23479,08/07/2016
460217,NL01/Q0877,09/07/2016,01/07/2016,30/06/2017,8362,KA23482,08/07/2016
460218,NL01/Q0878,09/07/2016,01/07/2016,30/06/2017,8362,KA23486,08/07/2016
460219,NL01/Q0880,09/07/2016,01/07/2016,30/06/2017,8362,KA23489,08/07/2016
460220,NL01/Q0881,09/07/2016,01/07/2016,30/06/2017,8362,KA23492,08/07/2016
460221,NL01/Q0882,09/07/2016,01/07/2016,30/06/2017,8362,KA23495,08/07/2016
460222,NL01/Q0883,09/07/2016,01/07/2016,30/06/2017,8362,KA23499,08/07/2016
460223,NL01/Q0884,09/07/2016,01/07/2016,30/06/2017,8362,KA23501,08/07/2016
460224,NL01/Q0885,09/07/2016,01/07/2016,30/06/2017,8362,KA23508,08/07/2016
460225,NL01/Q0886,09/07/2016,01/07/2016,30/06/2017,4974,KA23403,08/07/2016
460226,NL01/Q0887,09/07/2016,01/07/2016,30/06/2017,5126,KA23516,08/07/2016
460227,NL01/Q0888,09/07/2016,01/07/2016,30/06/2017,5126,KA23517,08/07/2016
460230,NL01/Q0890,09/07/2016,01/07/2016,30/06/2017,5126,KA23518,08/07/2016
460229,NL01/Q0891,09/07/2016,01/07/2016,30/06/2017,5126,KA23520,08/07/2016
460228,NL01/Q0892,09/07/2016,01/07/2016,30/06/2017,5126,KA23519,08/07/2016
460233,NL01/Q0893,09/07/2016,01/07/2016,30/06/2017,5126,KA23521,08/07/2016
460232,NL01/Q0894,09/07/2016,01/07/2016,30/06/2017,5126,KA23522,08/07/2016
460231,NL01/Q0895,09/07/2016,01/07/2016,30/06/2017,5126,KA23526,08/07/2016
460234,NL01/Q0896,09/07/2016,01/07/2016,30/06/2017,5126,KA23523,08/07/2016
460235,NL01/Q0897,09/07/2016,01/07/2016,30/06/2017,5126,KA23524,08/07/2016
460236,NL01/Q0898,09/07/2016,01/07/2016,30/06/2017,5126,KA23525,08/07/2016
460156,NL01/Q0900,09/07/2016,01/07/2016,30/06/2017,5126,KA23453,08/07/2016
460237,NL01/Q0901,09/07/2016,01/07/2016,30/06/2017,5126,KA23450,08/07/2016
460157,NL01/Q0902,09/07/2016,01/07/2016,30/06/2017,5126,KA23449,08/07/2016
460158,NL01/Q0903,09/07/2016,01/07/2016,30/06/2017,5126,KA23429,08/07/2016
460159,NL01/Q0904,09/07/2016,01/07/2016,30/06/2017,5126,KA23433,08/07/2016
460160,NL01/Q0905,09/07/2016,01/07/2016,30/06/2017,5126,KA23436,08/07/2016
460161,NL01/Q0906,09/07/2016,01/07/2016,30/06/2017,5126,KA23439,08/07/2016
460162,NL01/Q0907,09/07/2016,01/07/2016,30/06/2017,5126,KA23442,08/07/2016
460163,NL01/Q0908,09/07/2016,01/07/2016,30/06/2017,5126,KA23447,08/07/2016
460164,NL01/Q0909,09/07/2016,01/07/2016,30/06/2017,11224,KA23537,08/07/2016
460165,NL01/Q0910,09/07/2016,01/07/2016,30/06/2017,5126,KA23445,08/07/2016
460166,NL01/Q0911,09/07/2016,01/07/2016,30/06/2017,5330,KA23458,08/07/2016
460167,NL01/Q0912,09/07/2016,01/07/2016,30/06/2017,7806,KA23546,08/07/2019
460168,NL01/Q0913,09/07/2016,01/07/2016,30/06/2017,7806,KA23545,08/07/2016
460169,NL01/Q0914,09/07/2016,01/07/2016,30/06/2017,7806,KA23544,08/07/2016
460170,NL01/Q0915,09/07/2016,01/07/2016,30/06/2017,7806,KA23543,08/07/2016
460171,NL01/Q0916,09/07/2016,01/07/2016,30/06/2017,5330,KA23542,08/07/2016
460172,NL01/Q0917,09/07/2016,01/07/2016,30/06/2017,12410,KA23558,08/07/2016
460173,NL01/Q0918,09/07/2016,01/07/2016,30/06/2017,12410,KA23553,08/07/2016
460174,NL01/Q0919,09/07/2016,01/07/2016,30/06/2017,11294,KA23536,08/07/2016
460175,NL01/Q0920,09/07/2016,01/07/2016,30/06/2017,1760,KA22419,08/07/2016
460176,NL01/Q0922,09/07/2016,01/07/2016,30/06/2017,4974,KA23541,08/07/2016
460177,NL01/Q0923,09/07/2016,01/07/2016,30/06/2017,4974,KA23539,08/07/2016
460178,NL01/Q0926,09/07/2016,01/07/2016,30/06/2017,12410,KA23557,08/07/2016
460179,NL01/Q0927,09/07/2016,01/07/2016,30/06/2017,12410,KA23555,08/07/2016
460180,NL01/Q0928,09/07/2016,01/07/2016,30/06/2017,12410,KA23550,08/07/2016
460181,NL01/Q0929,09/07/2016,01/07/2016,30/06/2017,14986,KA23561,08/07/2016
460426,NL01/Q0994,13/07/2016,01/07/2016,30/06/2017,8362,KA24442,12/07/2016
460120,NL01/Q0995,13/07/2016,01/07/2016,30/06/2017,4538,KA24443,12/07/2016
460427,NL01/Q0996,13/07/2016,01/07/2016,30/06/2017,8666,KA24404,12/07/2016
460428,NL01/Q0997,13/07/2016,01/07/2016,30/06/2017,8666,KA244405,12/07/2016
460429,NL01/Q0998,13/07/2016,01/07/2016,30/06/2017,10230,KA24406,12/07/2016
460125,NL01/Q0999,13/07/2016,01/07/2016,30/06/2017,4822,KA24436,12/07/2016
460140,NL01/Q1000,13/07/2016,01/07/2016,30/06/2017,4622,KA24436,12/07/2016
460123,NL01/Q1001,13/07/2016,01/02/2016,30/06/2017,5330,KA24451,12/07/2016
460122,NL01/Q1002,13/07/2016,01/07/2016,30/06/2017,5330,KA24454,12/07/2016
460121,NL01/Q1003,13/07/2016,01/07/2016,30/09/2017,7806,KA24455,12/07/2016
460430,NL01/Q1004,13/07/2016,01/07/2016,30/06/2017,12206,KA24449,12/07/2016
460431,NL01/Q1005,13/07/2016,01/07/2016,30/06/2017,5126,KA24294,12/07/2016
460432,NL01/Q1006,13/07/2016,01/07/2016,30/06/2017,5126,KA24298,12/07/2016
460433,NL01/Q1007,13/07/2016,01/07/2016,30/06/2017,5126,KA24302,12/07/2016
460434,NL01/Q1008,13/07/2016,01/07/2016,30/06/2017,10230,KA24407,12/07/2016
460435,NL01/Q1009,13/07/2016,01/07/2016,30/06/2017,5126,KA24305,12/07/2016
460436,NL01/Q1010,13/07/2016,01/07/2016,30/06/2017,5126,KA24307,12/07/2016
460437,NL01/Q1011,13/07/2016,01/07/2016,30/06/2017,5126,KA24265,12/07/2016
460438,NL01/Q1012,13/07/2016,01/07/2016,30/06/2017,5126,KA24270,12/07/2016
460439,NL01/Q1013,13/07/2016,01/07/2016,30/06/2017,9706,KA24439,12/07/2016
460440,NL01/Q1014,13/07/2016,01/07/2016,30/06/2017,5126,KA24273,12/07/2016
460441,NL01/Q1015,13/07/2016,01/07/2016,30/06/2017,5126,KA24277,12/07/2016
460442,NL01/Q1016,13/07/2016,01/07/2016,30/06/2017,5126,KA24437,12/07/2016
460124,NL01/Q1017,13/07/2016,01/07/2016,30/06/2017,4822,KA24437,12/07/2016
460443,NL01/Q1018,13/07/2016,01/07/2016,30/06/2017,5156,KA24285,12/07/2016
460444,NL01/Q1019,13/07/2016,01/07/2016,30/06/2017,5126,KA24288,12/07/2016
460445,NL01/Q1020,13/07/2016,01/07/2016,30/06/2017,5126,KA24283,12/07/2016
460446,NL01/Q1021,13/07/2016,01/07/2016,30/06/2017,5126,KA24293,12/07/2016
460447,NL01/Q1022,13/07/2016,01/07/2016,30/06/2017,5126,KA24247,12/07/2016
460448,NL01/Q1023,13/07/2016,01/07/2016,30/06/2017,5126,KA24251,12/07/2016
460449,NL01/Q1024,13/07/2016,01/07/2016,30/06/2017,5126,KA24254,12/07/2016
460450,NL01/Q1025,13/07/2016,01/07/2016,30/06/2017,5126,KA24256,12/07/2016
460451,NL01/Q1026,13/07/2016,01/07/2016,30/06/2017,5126,KA24261,12/07/2016
460452,NL01/Q1027,13/07/2016,01/07/2016,30/06/2017,24262,KA24262,12/07/2016
460453,NL01/Q1028,13/07/2016,01/07/2016,30/06/2017,5126,KA24240,12/07/2016
460455,NL01/Q1029,13/07/2016,01/07/2016,30/06/2017,5126,KA24241,12/07/2016
460456,NL01/Q1030,13/07/2016,01/07/2016,30/06/2017,5126,KA24242,12/07/2016
460457,NL01/Q1031,13/07/2016,01/07/2016,30/07/2017,5126,KA24243,12/07/2016
460458,NL01/Q1032,13/07/2016,01/07/2016,30/06/2017,5126,KA24244,12/07/2016
460459,NL01/Q1033,13/07/2016,01/07/2016,30/06/2017,5126,KA24393,12/07/2016
460460,NL01/Q1034,13/07/2016,01/07/2016,30/06/2017,5126,KA24392,12/07/2016
460461,NL01/Q1035,13/07/2016,01/07/2016,30/06/2017,5126,KA24391,12/07/2016
460462,NL01/Q1036,13/07/2016,01/07/2016,30/06/2017,5126,KA24390,12/07/2016
460463,NL01/Q1037,13/07/2016,01/07/2016,30/06/2017,5126,KA24389,12/07/2016
460464,NL01/Q1038,13/07/2016,01/07/2016,30/06/2017,5126,KA24388,12/07/2016
460465,NL01/Q1039,13/07/2016,01/07/2016,30/06/2017,5126,KA24387,12/07/2016
460466,NL01/Q1040,13/07/2016,01/07/2016,30/06/2017,5126,KA24378,12/07/2016
460467,NL01/Q1041,13/07/2016,01/07/2016,30/06/2017,5126,KA24362,12/07/2016
460469,NL01/Q1042,13/07/2016,01/07/2016,30/06/2017,5126,KA24357,12/07/2016
460470,NL01/Q1043,13/07/2016,01/07/2016,30/06/2017,5126,KA24331,12/07/2016
460471,NL01/Q1044,13/07/2016,01/07/2016,30/06/2017,5126,KA24332,12/07/2016
460472,NL01/Q1045,13/07/2016,01/07/2016,30/06/2017,5126,KA24335,12/07/2016
460473,NL01/Q1046,13/07/2016,01/07/2016,30/06/2017,5126,KA24328,12/07/2016
460474,NL01/Q1047,13/07/2016,01/07/2016,30/06/2017,5126,KA24350,12/07/2016
460475,NL01/Q1048,13/07/2016,01/07/2016,30/06/2017,5126,KA24353,12/07/2016
460476,NL01/Q1049,13/07/2016,01/07/2016,30/06/2017,5126,KA24317,12/07/2016
460477,NL01/Q1050,13/07/2016,01/07/2016,30/06/2017,5126,KA24338,12/07/2016
460478,NL01/Q1051,13/07/2016,01/07/2016,30/06/2017,5126,KA24346,12/07/2016
460479,NL01/Q1052,13/07/2016,01/07/2016,30/06/2017,5126,KA24341,12/07/2016
460480,NL01/Q1053,13/07/2016,01/07/2016,30/06/2017,7754,KA24207,12/07/2016
460481,NL01/Q1054,13/07/2016,01/07/2016,30/06/2017,7754,KA24226,12/07/2016
460482,NL01/Q1055,13/07/2016,01/07/2016,30/06/2017,7754,KA24228,12/07/2016
460483,NL01/Q1056,13/07/2016,01/07/2016,30/06/2017,7754,KA24230,12/07/2016
460484,NL01/Q1057,13/07/2016,01/07/2016,30/06/2017,7754,KA24233,12/07/2016
460485,NL01/Q1058,13/07/2016,01/07/2016,30/06/2017,7754,KA24220,12/07/2016
460486,NL01/Q1059,13/07/2016,01/07/2016,30/06/2017,7754,KA24223,12/07/2016
460488,NL01/Q1060,13/07/2016,01/07/2016,30/06/2017,7754,KA24225,12/07/2016
460489,NL01/Q1061,13/07/2016,01/07/2016,30/06/2017,7754,KA24205,12/07/2016
460490,NL01/Q1062,13/07/2016,01/07/2016,30/06/2017,7754,KA24196,12/07/2016
460491,NL01/Q1063,13/07/2016,01/07/2016,30/06/2017,7754,KA24197,12/07/2016
460492,NL01/Q1064,13/07/2016,01/07/2016,30/06/2017,7754,KA24199,12/07/2016
460493,NL01/Q1065,13/07/2016,01/07/2016,30/06/2017,7754,KA24235,12/07/2016
460494,NL01/Q1066,13/07/2016,01/07/2016,30/06/2017,7754,KA24209,12/07/2016
460495,NL01/Q1067,13/07/2016,01/07/2016,30/06/2017,7754,KA24213,12/07/2016
460497,NL01/Q1068,13/07/2016,01/07/2016,30/06/2017,7754,KA24216,12/07/2016
460498,NL01/Q1069,13/07/2016,01/07/2016,30/06/2017,7754,KA24236,12/07/2016
460499,NL01/Q1070,13/07/2016,01/07/2016,30/06/2017,7754,KA24201,12/07/2016
460500,NL01/Q1071,13/07/2016,01/07/2016,30/06/2017,7754,KA24204,12/07/2016
460501,NL01/Q1072,13/07/2016,01/07/2016,30/06/2017,7754,KA24200,12/07/2016
460502,NL01/Q1073,13/07/2016,01/07/2016,30/06/2017,7754,KA24198,12/07/2016
460503,NL01/Q1074,13/07/2016,01/07/2016,30/06/2017,4974,KA24408,12/07/2016
460504,NL01/Q1075,13/07/2016,01/07/2016,30/06/2017,4974,KA24412,12/07/2016
460505,NL01/Q1076,13/07/2016,01/07/2016,30/06/2017,4974,KA24409,12/07/2016
460506,NL01/Q1077,13/07/2016,01/07/2016,30/06/2017,12510,KA24435,12/07/2016
460507,NL01/Q1078,13/07/2016,01/07/2016,30/06/2017,12510,KA24440,12/07/2016
460508,NL01/Q1079,13/07/2016,01/07/2016,30/06/2017,4974,KA24410,12/07/2016
460509,NL01/Q1080,13/07/2016,01/07/2016,30/06/2017,4974,KA24411,12/07/2016
460510,NL01/Q1081,13/07/2016,01/07/2016,30/06/2017,7754,KA24394,12/07/2016
460102,NL01/Q1082,13/07/2016,01/07/2016,30/06/2017,7754,KA24403,12/07/2016
460511,NL01/Q1084,13/07/2016,01/07/2016,30/06/2017,7754,KA24401,12/07/2016
460101,NL01/Q1085,13/07/2016,01/07/2016,30/06/2017,7754,KA24400,12/07/2016
460100,NL01/Q1086,13/07/2016,01/07/2016,30/06/2017,7754,KA24398,12/07/2016
460513,NL01/Q1087,13/07/2016,01/07/2016,30/06/2017,7754,KA24399,12/07/2016
460514,NL01/Q1088,13/07/2016,01/07/2016,30/06/2017,7754,KA24397,12/07/2016
460515,NL01/Q1089,13/07/2016,01/07/2016,30/06/2017,7754,KA24396,12/07/2016
460516,NL01/Q1090,13/07/2016,01/07/2016,30/06/2017,7754,KA24395,12/07/2016
460517,NL01/Q1091,13/07/2016,01/07/2016,30/06/2017,8210,KA24417,12/07/2016
460518,NL01/Q1092,13/07/2016,01/07/2016,30/06/2017,8210,KA24418,12/07/2016
460519,NL01/Q1093,13/07/2016,01/07/2016,30/06/2017,8210,KA24419,12/07/2016
460520,NL01/Q1094,13/07/2016,01/07/2016,30/06/2017,8210,KA24420,12/07/2016
460521,NL01/Q1095,13/07/2016,01/07/2016,30/06/2017,8210,KA24421,12/07/2016
460522,NL01/Q1096,13/07/2016,01/07/2016,30/06/2017,9578,KA24416,12/07/2016
460523,NL01/Q1097,13/07/2016,01/07/2016,30/06/2017,9578,KA24415,12/07/2016
460524,NL01/Q1098,13/07/2016,01/07/2016,30/06/2017,9578,KA24414,12/07/2016
460525,NL01/Q1099,13/07/2016,01/07/2016,30/06/2017,9578,KA24413,12/07/2016
460527,NL01/Q1100,13/07/2016,01/07/2016,30/06/2017,5126,KA24434,12/07/2016
460528,NL01/Q1101,13/07/2016,01/07/2016,30/06/2017,5126,KA24431,12/07/2016
460529,NL01/Q1102,13/07/2016,01/07/2016,30/06/2017,5126,KA24430,12/07/2016
460530,NL01/Q1103,13/07/2016,01/07/2016,30/06/2017,5126,KA24428,12/07/2016
460531,NL01/Q1104,13/07/2016,01/07/2016,30/06/2017,12206,KA24446,12/07/2016
460532,NL01/Q1105,13/07/2016,01/07/2016,30/06/2017,5126,KA24427,12/07/2016
460533,NL01/Q1106,13/07/2016,01/07/2016,30/06/2017,5126,KA24426,12/07/2016
460534,NL01/Q1107,13/07/2016,01/07/2016,30/06/2017,5126,KA24424,12/07/2016
460535,NL01/Q1108,13/07/2016,01/07/2016,30/06/2017,5126,KA24423,12/07/2016
460536,NL01/Q1109,13/07/2016,01/07/2016,30/06/2017,5126,KA24422,12/07/2016
460254,NL01/Q1133,14/07/2016,01/07/2016,30/06/2017,9098,KA24751,13/07/2016
460248,NL01/Q1135,14/07/2016,01/07/2016,30/06/2017,5126,KA24752,13/07/2016
460247,NL01/Q1136,14/07/2016,01/07/2016,30/06/2017,7450,KA24757,13/07/2016
460246,NL01/Q1137,14/07/2016,01/07/2016,30/06/2017,7450,KA24756,13/07/2016
460245,NL01/Q1139,14/07/2016,01/07/2016,30/06/2017,7450,KA24754,13/07/2016
460243,NL01/Q1140,14/07/2016,01/07/2016,30/06/2017,7450,KA24763,13/07/2016
460556,NL01/Q1141,14/07/2016,01/07/2016,30/06/2017,7450,KA24763,13/07/2016
460557,NL01/Q1142,14/07/2016,01/07/2016,30/06/2017,7450,KA24762,13/07/2016
460558,NL01/Q1143,14/07/2016,01/07/2016,30/06/2017,7450,KA24761,13/07/2016
460559,NL01/Q1144,14/07/2016,01/07/2016,30/06/2017,7450,KA24759,13/07/2016
460560,NL01/Q1145,14/07/2016,01/07/2016,30/06/2017,7450,KA24758,13/05/2016
460555,NL01/QANUJ,15/07/2016,01/07/2016,30/06/2017,,,15/07/2016
460550,NL01/QAUTO1,15/07/2016,01/07/2016,30/06/2017,,,15/07/2016
460551,NL01/QAUTO2,15/07/2016,01/07/2016,30/06/2017,,,15/07/2016
460554,NL01/QKHAIRUL,15/07/2016,01/07/2016,30/06/2017,,,15/07/2016
460561,NL01/QRAM,15/07/2016,01/07/2016,30/06/2017,,,15/07/2016
460540,NL01/QRIPLEY2,15/07/2016,01/07/2016,30/06/2017,,,15/07/2016
460541,NL01/QRIPLEY3,15/07/2016,01/07/2016,30/06/2017,,,15/07/2016
460146,NL02/G6044,13/07/2016,01/07/2016,30/06/2017,7204,MA12291,11/07/2016
460150,NL02/G6227,13/07/2016,01/07/2016,30/06/2017,9680,MA12296,11/07/2016
460153,NL02/G9488,13/07/2016,01/07/2016,30/06/2017,5660,MA12290,11/07/2016
460419,NL02/G9785,16/07/2016,01/07/2016,30/06/2017,,,15/07/2016
460154,NL02/G9981,13/07/2016,01/10/2016,30/09/2017,5660,MA12294,11/07/2016
460149,NL02/G9991,13/07/2016,01/10/2016,30/09/2017,5660,MA12295,11/07/2016
460143,NL02/K2339,13/07/2016,01/07/2016,30/06/2017,10896,MA12299,11/07/2016
460409,NL02/K4681,16/07/2016,01/10/2016,30/09/2017,,,15/07/2016
460152,NL02/K4948,13/07/2016,01/10/2016,30/09/2017,9680,MA12326,11/07/2016
460142,NL02/K4986,13/07/2016,01/10/2016,30/09/2017,9680,MA12450,11/07/2016
460151,NL02/K7275,13/07/2016,01/07/2016,30/06/2017,5052,MA12297,11/07/2016
460155,NL02/K8783,13/07/2016,01/07/2016,30/06/2017,10896,MA12451,11/07/2016
460148,NL02/L2305,13/07/2016,01/07/2016,30/06/2017,11200,MA12293,11/07/2016
460144,NL02/L5595,13/07/2016,01/07/2016,30/06/2017,4900,MA12289,11/07/2016
460147,NL02/L6053,13/07/2016,01/07/2016,30/06/2017,5204,MA12292,11/07/2016
460145,NL02/N0201,13/07/2016,01/07/2016,30/06/2017,11200,MA12325,11/07/2016
460099,SHAMPY,10/07/2016,19/07/2016,29/07/2016,,,28/07/2016